score	original_score	energy	scoring_function	pose_path	steps	time	-24.073357661973148	-22.971755160632824	-270.56413698933756	DDG	variants/DDG_benchmark100.pdb	100	88.12180288199943
-37.74272656710306	-22.971755160632824	-229.7584767597449	DDG	variants/DDG_benchmark200.pdb	200	194.64883670899962
-30.21013277749975	-22.971755160632824	-243.55347432362498	DDG	variants/DDG_benchmark300.pdb	300	311.74750318399947
-32.27330407702888	-22.971755160632824	-218.12660759802696	DDG	variants/DDG_benchmark400.pdb	400	434.4727302169995
-42.502964289476495	-22.971755160632824	-236.4102389542077	DDG	variants/DDG_benchmark500.pdb	500	578.9547349710001
-31.270033478844056	-22.971755160632824	-253.88265657957416	DDG	variants/DDG_benchmark600.pdb	600	570.5065224989994
-35.72612295461914	-22.971755160632824	-232.57930654046245	DDG	variants/DDG_benchmark700.pdb	700	697.1505709659996
27.930018727603738	-22.971755160632824	411.38762724253996	DDG	variants/DDG_benchmark800.pdb	800	854.5944473340005
-45.117881239276585	-22.971755160632824	-263.64521178782866	DDG	variants/DDG_benchmark900.pdb	900	1068.698904892999
-46.424162045975265	-22.971755160632824	-244.09193709712696	DDG	variants/DDG_benchmark1000.pdb	1000	1219.4094913730005
