score	original_score	energy	scoring_function	pose_path	time
-36.44276088080963	-22.971755160632824	-239.2628433220238	DDG	variants/dg_temp_10_cool_99/DDG_1.pdb	102.7509158720004
-31.012152474170193	-22.971755160632824	-222.2882884185439	DDG	variants/dg_temp_10_cool_99/DDG_2.pdb	213.7543584640007
-23.855004516741843	-22.971755160632824	-263.66429292572616	DDG	variants/dg_temp_10_cool_99/DDG_3.pdb	78.03158016199995
-30.122094006079237	-22.971755160632824	-237.44001421328093	DDG	variants/dg_temp_10_cool_99/DDG_4.pdb	147.88402354500067
-28.72889647731384	-22.971755160632824	-269.7460507272985	DDG	variants/dg_temp_10_cool_99/DDG_5.pdb	84.15139191600065
-33.32529594605555	-22.971755160632824	-251.47626065754707	DDG	variants/dg_temp_10_cool_99/DDG_6.pdb	274.963845485001
-35.46351626251382	-22.971755160632824	-245.2060146938507	DDG	variants/dg_temp_10_cool_99/DDG_7.pdb	377.5313658849991
-23.514861016541403	-22.971755160632824	-229.07733669923698	DDG	variants/dg_temp_10_cool_99/DDG_8.pdb	145.25947862700014
-31.08914822492565	-22.971755160632824	-228.60277710127485	DDG	variants/dg_temp_10_cool_99/DDG_9.pdb	564.934319611999
-28.60531867224978	-22.971755160632824	-226.276099888541	DDG	variants/dg_temp_10_cool_99/DDG_10.pdb	188.76765853600045
-37.3405239049431	-22.971755160632824	-259.8154393968877	DDG	variants/dg_temp_10_cool_99/DDG_11.pdb	294.8420727800003
-22.125538000246024	-22.971755160632824	-261.78020605412337	DDG	variants/dg_temp_10_cool_99/DDG_12.pdb	57.08820764700067
-29.290729851609086	-22.971755160632824	-227.83285376754407	DDG	variants/dg_temp_10_cool_99/DDG_13.pdb	271.10004937800113
-32.912855107312964	-22.971755160632824	-251.22343925168317	DDG	variants/dg_temp_10_cool_99/DDG_14.pdb	99.0271458820007
-36.224407066511446	-22.971755160632824	-244.83009266757767	DDG	variants/dg_temp_10_cool_99/DDG_15.pdb	354.06841084999905
-31.27737139493442	-22.971755160632824	-240.70282279493412	DDG	variants/dg_temp_10_cool_99/DDG_16.pdb	149.1710692809993
-26.83308017083155	-22.971755160632824	-251.66696259654088	DDG	variants/dg_temp_10_cool_99/DDG_17.pdb	102.18373108500055
-25.33158073330273	-22.971755160632824	-251.4799053529214	DDG	variants/dg_temp_10_cool_99/DDG_18.pdb	92.6017146310005
-32.74175065524881	-22.971755160632824	-258.15241832261546	DDG	variants/dg_temp_10_cool_99/DDG_19.pdb	435.67365669799983
-27.832593360340155	-22.971755160632824	-244.29934183712191	DDG	variants/dg_temp_10_cool_99/DDG_20.pdb	88.15814024599968
