score	original_score	energy	scoring_function	pose_path	K64-E1616	H15-S1612	H43-S1611	original_K64-E1616	original_H15-S1612	original_H43-S1611
20.093623868572443	18.46108432120394	-224.23594674400212	Distance	variants/distance_temp_10/Distance_1.pdb	2.8558120727539062	6.0197038650512695	5.918335437774658	2.90185284614563	6.740119457244873	4.5106048583984375
5.716864154132858	18.46108432120394	-245.56028864014988	Distance	variants/distance_temp_10/Distance_2.pdb	2.8030388355255127	5.174665451049805	3.078960418701172	2.90185284614563	6.740119457244873	4.5106048583984375
14.763373794269622	18.46108432120394	-255.8177548248933	Distance	variants/distance_temp_10/Distance_3.pdb	2.919574022293091	6.400190830230713	4.137049674987793	2.90185284614563	6.740119457244873	4.5106048583984375
40.3585739141069	18.46108432120394	-241.44614666035238	Distance	variants/distance_temp_10/Distance_4.pdb	2.81280255317688	8.962224960327148	4.3444719314575195	2.90185284614563	6.740119457244873	4.5106048583984375
7.679885514609836	18.46108432120394	-233.95175084722445	Distance	variants/distance_temp_10/Distance_5.pdb	2.8850998878479004	5.568596363067627	2.886704683303833	2.90185284614563	6.740119457244873	4.5106048583984375
64.91422321478832	18.46108432120394	-237.505572417638	Distance	variants/distance_temp_10/Distance_6.pdb	2.7742867469787598	10.839823722839355	3.3242104053497314	2.90185284614563	6.740119457244873	4.5106048583984375
15.549943258663266	18.46108432120394	-252.1812119629639	Distance	variants/distance_temp_10/Distance_7.pdb	2.8188846111297607	6.244528770446777	4.719585418701172	2.90185284614563	6.740119457244873	4.5106048583984375
8.27314401304919	18.46108432120394	-216.3078129253172	Distance	variants/distance_temp_10/Distance_8.pdb	2.807710647583008	5.6273298263549805	3.328479528427124	2.90185284614563	6.740119457244873	4.5106048583984375
48.91594228089396	18.46108432120394	-234.55178169966467	Distance	variants/distance_temp_10/Distance_9.pdb	2.8218650817871094	9.571487426757812	4.549977779388428	2.90185284614563	6.740119457244873	4.5106048583984375
63.35798981620559	18.46108432120394	-239.62144405784602	Distance	variants/distance_temp_10/Distance_10.pdb	2.7897818088531494	10.536406517028809	4.672404766082764	2.90185284614563	6.740119457244873	4.5106048583984375
27.254789733407932	18.46108432120394	-255.30390387548064	Distance	variants/distance_temp_10/Distance_11.pdb	2.8470873832702637	7.226858139038086	5.56685733795166	2.90185284614563	6.740119457244873	4.5106048583984375
14.157952344967528	18.46108432120394	-134.6134219206138	Distance	variants/distance_temp_10/Distance_12.pdb	2.888434886932373	6.426243305206299	3.800245523452759	2.90185284614563	6.740119457244873	4.5106048583984375
16.771735525804374	18.46108432120394	-161.3818688843745	Distance	variants/distance_temp_10/Distance_13.pdb	2.904545545578003	6.468682289123535	4.617023944854736	2.90185284614563	6.740119457244873	4.5106048583984375
47.58409665756296	18.46108432120394	-248.15779738481942	Distance	variants/distance_temp_10/Distance_14.pdb	2.8401269912719727	9.481321334838867	4.51535177230835	2.90185284614563	6.740119457244873	4.5106048583984375
25.123883270109552	18.46108432120394	-246.16646459095887	Distance	variants/distance_temp_10/Distance_15.pdb	2.7699737548828125	5.749417304992676	6.8526434898376465	2.90185284614563	6.740119457244873	4.5106048583984375
9.762015428179469	18.46108432120394	-243.7667516423831	Distance	variants/distance_temp_10/Distance_16.pdb	2.8778247833251953	5.872053623199463	3.364309549331665	2.90185284614563	6.740119457244873	4.5106048583984375
37.41028294867632	18.46108432120394	-259.4120069583978	Distance	variants/distance_temp_10/Distance_17.pdb	2.8184773921966553	8.916263580322266	2.8355154991149902	2.90185284614563	6.740119457244873	4.5106048583984375
22.933524148933234	18.46108432120394	-215.18266622682583	Distance	variants/distance_temp_10/Distance_18.pdb	2.871572732925415	6.404455184936523	5.952190399169922	2.90185284614563	6.740119457244873	4.5106048583984375
7.448772170194192	18.46108432120394	88.93663372658932	Distance	variants/distance_temp_10/Distance_19.pdb	2.8599140644073486	5.170430660247803	4.1513848304748535	2.90185284614563	6.740119457244873	4.5106048583984375
25.89918202038969	18.46108432120394	-245.87278335777097	Distance	variants/distance_temp_10/Distance_20.pdb	2.8404977321624756	5.769120216369629	6.933021545410156	2.90185284614563	6.740119457244873	4.5106048583984375
