score	original_score	energy	scoring_function	pose_path	steps	time	original_K64-E1616	original_H15-S1612	original_H43-S1611	K64-E1616	H15-S1612	H43-S1611
29.99067488059297	18.46108432120394	-236.10825273880056	Distance	variants/Distance_benchmark100.pdb	100	20.34111003299995	2.90185284614563	6.740119457244873	4.5106048583984375	2.896266460418701	7.34375	5.85544490814209
12.979000796641351	18.46108432120394	-242.79475890991876	Distance	variants/Distance_benchmark200.pdb	200	37.320756073999746	2.90185284614563	6.740119457244873	4.5106048583984375	2.8646271228790283	6.269248962402344	3.769090175628662
75.39402973042722	18.46108432120394	-250.20612526425842	Distance	variants/Distance_benchmark300.pdb	300	55.70479007599988	2.90185284614563	6.740119457244873	4.5106048583984375	2.8010709285736084	11.370826721191406	4.191027641296387
9.201146436346809	18.46108432120394	-243.79904442808726	Distance	variants/Distance_benchmark400.pdb	400	79.01510215799999	2.90185284614563	6.740119457244873	4.5106048583984375	2.832266330718994	5.356576442718506	4.432183265686035
29.559245097244577	18.46108432120394	-245.5740493090862	Distance	variants/Distance_benchmark500.pdb	500	95.69192523699985	2.90185284614563	6.740119457244873	4.5106048583984375	2.753474473953247	7.877649307250977	4.742822170257568
12.958671892687502	18.46108432120394	-242.4755923165224	Distance	variants/Distance_benchmark600.pdb	600	111.14910914199982	2.90185284614563	6.740119457244873	4.5106048583984375	2.9315407276153564	5.947515487670898	4.541985988616943
10.319946955952602	18.46108432120394	-231.305425671055	Distance	variants/Distance_benchmark700.pdb	700	139.95839435699963	2.90185284614563	6.740119457244873	4.5106048583984375	2.8459463119506836	5.710595607757568	4.1587748527526855
8.80008483134495	18.46108432120394	-236.99690165432307	Distance	variants/Distance_benchmark800.pdb	800	147.82322820199988	2.90185284614563	6.740119457244873	4.5106048583984375	2.887298107147217	5.265348434448242	4.447580337524414
45.50723656797338	18.46108432120394	-238.15922008959785	Distance	variants/Distance_benchmark900.pdb	900	161.37696343400057	2.90185284614563	6.740119457244873	4.5106048583984375	2.833367347717285	9.442931175231934	3.9737071990966797
56.432197946032815	18.46108432120394	-248.65395032232982	Distance	variants/Distance_benchmark1000.pdb	1000	180.79067002100055	2.90185284614563	6.740119457244873	4.5106048583984375	2.871583938598633	10.2501220703125	3.760601282119751
